{
  "version": 1,
  "author": "Anonymous maker",
  "editor": "wokwi",
  "parts": [
    { "type": "board-esp32-devkit-c-v4", "id": "esp", "top": -38.4, "left": 72.04, "attrs": {} },
    {
      "type": "wokwi-led",
      "id": "led1",
      "top": -32.4,
      "left": -53.8,
      "attrs": { "color": "red" }
    },
    { "type": "wokwi-led", "id": "led2", "top": 15.6, "left": -73, "attrs": { "color": "red" } },
    {
      "type": "wokwi-led",
      "id": "led3",
      "top": 63.6,
      "left": -101.8,
      "attrs": { "color": "red" }
    },
    {
      "type": "wokwi-led",
      "id": "led4",
      "top": 111.6,
      "left": -101.8,
      "attrs": { "color": "red" }
    },
    { "type": "wokwi-led", "id": "led5", "top": 6, "left": -140.2, "attrs": { "color": "red" } },
    {
      "type": "wokwi-led",
      "id": "led6",
      "top": 63.6,
      "left": -188.2,
      "attrs": { "color": "red" }
    },
    {
      "type": "wokwi-led",
      "id": "led7",
      "top": 121.2,
      "left": -188.2,
      "attrs": { "color": "red" }
    },
    { "type": "wokwi-led", "id": "led8", "top": 207.6, "left": 3.8, "attrs": { "color": "red" } },
    {
      "type": "wokwi-led",
      "id": "led9",
      "top": 217.2,
      "left": -44.2,
      "attrs": { "color": "red" }
    },
    {
      "type": "wokwi-led",
      "id": "led10",
      "top": 169.2,
      "left": -111.4,
      "attrs": { "color": "red" }
    }
  ],
  "connections": [
    [ "esp:TX", "$serialMonitor:RX", "", [] ],
    [ "esp:RX", "$serialMonitor:TX", "", [] ],
    [ "esp:2", "led1:A", "green", [ "h0" ] ],
    [ "led2:A", "esp:4", "green", [ "v0" ] ],
    [ "led3:A", "esp:5", "green", [ "v0" ] ],
    [ "esp:12", "led4:A", "green", [ "v0" ] ],
    [ "esp:13", "led10:A", "green", [ "h0" ] ],
    [ "led9:A", "esp:14", "green", [ "v0" ] ],
    [ "led8:A", "esp:15", "green", [ "v0" ] ],
    [ "led7:A", "esp:16", "green", [ "v0" ] ],
    [ "led6:A", "esp:17", "green", [ "v0" ] ],
    [ "led5:A", "esp:18", "green", [ "v0" ] ],
    [ "led5:C", "esp:CMD", "green", [ "v0" ] ],
    [ "led6:C", "esp:CMD", "green", [ "v38.4", "h48.4", "v-38.4" ] ],
    [ "led7:C", "esp:CMD", "green", [ "v0" ] ],
    [ "led10:C", "esp:CMD", "green", [ "v0" ] ],
    [ "led4:C", "esp:CMD", "green", [ "v0" ] ],
    [ "led3:C", "esp:CMD", "green", [ "v0" ] ],
    [ "led2:C", "esp:CMD", "green", [ "v0" ] ],
    [ "led1:C", "esp:CMD", "green", [ "v0" ] ],
    [ "led9:C", "esp:CMD", "green", [ "v0" ] ],
    [ "led8:C", "esp:CMD", "green", [ "v0" ] ]
  ],
  "dependencies": {}
}